row_id,target
0-4,0.001423938339453327
0-32,0.0014153013773671478
0-34,0.0014153013773671478
