row_id,target
0-4,0.0014239383394533268
0-32,0.0014153013773671476
0-34,0.0014153013773671476
