row_id,target
0-4,0.001994189055336045
0-32,0.0020541558442696427
0-34,0.0020541558442696427
